{"cameraMode":{"drawMode":0,"name":"Shaded","section":"Shading Mode"},"sceneLighting":false,"audioPlay":false,"sceneViewState":{"showFog":true,"showMaterialUpdate":false,"showSkybox":true,"showFlares":true,"showImageEffects":true,"showParticleSystems":true},"in2DMode":false,"pivot":{"x":364.7138366699219,"y":319.7114562988281,"z":2.62255859375},"rotation":{"x":0.01768914982676506,"y":-0.005401948932558298,"z":-0.00009556678560329601,"w":-0.9998289942741394},"size":228.69049072265626,"orthographic":false}